﻿<?xml version="1.0" encoding="UTF-8"?>
<MetaDataObject xmlns="http://v8.1c.ru/8.3/MDClasses" xmlns:app="http://v8.1c.ru/8.2/managed-application/core" xmlns:cfg="http://v8.1c.ru/8.1/data/enterprise/current-config" xmlns:cmi="http://v8.1c.ru/8.2/managed-application/cmi" xmlns:ent="http://v8.1c.ru/8.1/data/enterprise" xmlns:lf="http://v8.1c.ru/8.2/managed-application/logform" xmlns:style="http://v8.1c.ru/8.1/data/ui/style" xmlns:sys="http://v8.1c.ru/8.1/data/ui/fonts/system" xmlns:v8="http://v8.1c.ru/8.1/data/core" xmlns:v8ui="http://v8.1c.ru/8.1/data/ui" xmlns:web="http://v8.1c.ru/8.1/data/ui/colors/web" xmlns:win="http://v8.1c.ru/8.1/data/ui/colors/windows" xmlns:xen="http://v8.1c.ru/8.3/xcf/enums" xmlns:xpr="http://v8.1c.ru/8.3/xcf/predef" xmlns:xr="http://v8.1c.ru/8.3/xcf/readable" xmlns:xs="http://www.w3.org/2001/XMLSchema" xmlns:xsi="http://www.w3.org/2001/XMLSchema-instance" version="2.19">
	<Enum uuid="d3eef962-8cdb-4f16-973f-3339b3e3e343">
		<InternalInfo>
			<xr:GeneratedType name="EnumRef.Парковка" category="Ref">
				<xr:TypeId>cc257c5d-0a73-40c7-bd61-306d631738c7</xr:TypeId>
				<xr:ValueId>f0ba46a5-ae99-4e01-8894-d1b0604cfbc8</xr:ValueId>
			</xr:GeneratedType>
			<xr:GeneratedType name="EnumManager.Парковка" category="Manager">
				<xr:TypeId>c1332619-241b-413a-bd6c-600726493ce2</xr:TypeId>
				<xr:ValueId>2133cd10-4e7f-41e5-8f41-a3da17afcb14</xr:ValueId>
			</xr:GeneratedType>
			<xr:GeneratedType name="EnumList.Парковка" category="List">
				<xr:TypeId>d32b48c4-4631-46cc-aea5-cbfc294e9f25</xr:TypeId>
				<xr:ValueId>c5903c00-15eb-407f-a1c6-bb32130b15eb</xr:ValueId>
			</xr:GeneratedType>
		</InternalInfo>
		<Properties>
			<Name>Парковка</Name>
			<Synonym>
				<v8:item>
					<v8:lang>ru</v8:lang>
					<v8:content>Парковка</v8:content>
				</v8:item>
			</Synonym>
			<Comment/>
			<UseStandardCommands>false</UseStandardCommands>
			<Characteristics/>
			<QuickChoice>true</QuickChoice>
			<ChoiceMode>BothWays</ChoiceMode>
			<DefaultListForm/>
			<DefaultChoiceForm/>
			<AuxiliaryListForm/>
			<AuxiliaryChoiceForm/>
			<ListPresentation/>
			<ExtendedListPresentation/>
			<Explanation/>
			<ChoiceHistoryOnInput>Auto</ChoiceHistoryOnInput>
		</Properties>
		<ChildObjects>
			<EnumValue uuid="d78a5b77-4493-4b6f-989c-4b5b093728cd">
				<Properties>
					<Name>ул79Петрова</Name>
					<Synonym>
						<v8:item>
							<v8:lang>ru</v8:lang>
							<v8:content>Ул79 петрова</v8:content>
						</v8:item>
					</Synonym>
					<Comment/>
				</Properties>
			</EnumValue>
			<EnumValue uuid="03d6659c-98f5-4491-b681-99c38f9f55e5">
				<Properties>
					<Name>улВиктория</Name>
					<Synonym>
						<v8:item>
							<v8:lang>ru</v8:lang>
							<v8:content>Ул виктория</v8:content>
						</v8:item>
					</Synonym>
					<Comment/>
				</Properties>
			</EnumValue>
			<EnumValue uuid="4c2b3eb5-ab28-46f9-9fa3-dfee71b5a42a">
				<Properties>
					<Name>УлСиница</Name>
					<Synonym>
						<v8:item>
							<v8:lang>ru</v8:lang>
							<v8:content>Ул синица</v8:content>
						</v8:item>
					</Synonym>
					<Comment/>
				</Properties>
			</EnumValue>
			<EnumValue uuid="4d7708f4-3575-4b9f-afcc-48a7a8034f9a">
				<Properties>
					<Name>УлАлексея</Name>
					<Synonym>
						<v8:item>
							<v8:lang>ru</v8:lang>
							<v8:content>Ул алексея</v8:content>
						</v8:item>
					</Synonym>
					<Comment/>
				</Properties>
			</EnumValue>
		</ChildObjects>
	</Enum>
</MetaDataObject>