﻿<?xml version="1.0" encoding="UTF-8"?>
<MetaDataObject xmlns="http://v8.1c.ru/8.3/MDClasses" xmlns:app="http://v8.1c.ru/8.2/managed-application/core" xmlns:cfg="http://v8.1c.ru/8.1/data/enterprise/current-config" xmlns:cmi="http://v8.1c.ru/8.2/managed-application/cmi" xmlns:ent="http://v8.1c.ru/8.1/data/enterprise" xmlns:lf="http://v8.1c.ru/8.2/managed-application/logform" xmlns:style="http://v8.1c.ru/8.1/data/ui/style" xmlns:sys="http://v8.1c.ru/8.1/data/ui/fonts/system" xmlns:v8="http://v8.1c.ru/8.1/data/core" xmlns:v8ui="http://v8.1c.ru/8.1/data/ui" xmlns:web="http://v8.1c.ru/8.1/data/ui/colors/web" xmlns:win="http://v8.1c.ru/8.1/data/ui/colors/windows" xmlns:xen="http://v8.1c.ru/8.3/xcf/enums" xmlns:xpr="http://v8.1c.ru/8.3/xcf/predef" xmlns:xr="http://v8.1c.ru/8.3/xcf/readable" xmlns:xs="http://www.w3.org/2001/XMLSchema" xmlns:xsi="http://www.w3.org/2001/XMLSchema-instance" version="2.19">
	<Enum uuid="4ca20529-c1b0-43da-92bc-589d3dbab1a7">
		<InternalInfo>
			<xr:GeneratedType name="EnumRef.Причина" category="Ref">
				<xr:TypeId>15746d18-f4c1-4ce5-a289-360de73a8e36</xr:TypeId>
				<xr:ValueId>c8176dc6-f29c-4886-bc62-437b78ee2295</xr:ValueId>
			</xr:GeneratedType>
			<xr:GeneratedType name="EnumManager.Причина" category="Manager">
				<xr:TypeId>63b5be2e-dba3-44de-a4de-c51d66b878fb</xr:TypeId>
				<xr:ValueId>2791e0b2-ed45-49a2-a194-8bcbd15088d2</xr:ValueId>
			</xr:GeneratedType>
			<xr:GeneratedType name="EnumList.Причина" category="List">
				<xr:TypeId>dbcc42f1-f2c6-49c2-b2eb-90975d5b0e5c</xr:TypeId>
				<xr:ValueId>21290550-0651-4c81-9617-588ae5d6512b</xr:ValueId>
			</xr:GeneratedType>
		</InternalInfo>
		<Properties>
			<Name>Причина</Name>
			<Synonym>
				<v8:item>
					<v8:lang>ru</v8:lang>
					<v8:content>Причина</v8:content>
				</v8:item>
			</Synonym>
			<Comment/>
			<UseStandardCommands>false</UseStandardCommands>
			<Characteristics/>
			<QuickChoice>true</QuickChoice>
			<ChoiceMode>BothWays</ChoiceMode>
			<DefaultListForm/>
			<DefaultChoiceForm/>
			<AuxiliaryListForm/>
			<AuxiliaryChoiceForm/>
			<ListPresentation/>
			<ExtendedListPresentation/>
			<Explanation/>
			<ChoiceHistoryOnInput>Auto</ChoiceHistoryOnInput>
		</Properties>
		<ChildObjects>
			<EnumValue uuid="59304455-1394-42db-8afe-3c34d0fe7edb">
				<Properties>
					<Name>Инвалид</Name>
					<Synonym>
						<v8:item>
							<v8:lang>ru</v8:lang>
							<v8:content>Инвалид</v8:content>
						</v8:item>
					</Synonym>
					<Comment/>
				</Properties>
			</EnumValue>
			<EnumValue uuid="60a32bb5-cedd-4db7-a1e1-d58bebbcec37">
				<Properties>
					<Name>Пенсионер</Name>
					<Synonym>
						<v8:item>
							<v8:lang>ru</v8:lang>
							<v8:content>Пенсионер</v8:content>
						</v8:item>
					</Synonym>
					<Comment/>
				</Properties>
			</EnumValue>
			<EnumValue uuid="660b6fe2-510d-4b9d-b8ae-e427583cbcb1">
				<Properties>
					<Name>Военный</Name>
					<Synonym>
						<v8:item>
							<v8:lang>ru</v8:lang>
							<v8:content>Военный</v8:content>
						</v8:item>
					</Synonym>
					<Comment/>
				</Properties>
			</EnumValue>
			<EnumValue uuid="0083c7ea-f0f8-45a1-a75d-9275f138f21c">
				<Properties>
					<Name>Школьник</Name>
					<Synonym>
						<v8:item>
							<v8:lang>ru</v8:lang>
							<v8:content>Школьник</v8:content>
						</v8:item>
					</Synonym>
					<Comment/>
				</Properties>
			</EnumValue>
		</ChildObjects>
	</Enum>
</MetaDataObject>