﻿<?xml version="1.0" encoding="UTF-8"?>
<MetaDataObject xmlns="http://v8.1c.ru/8.3/MDClasses" xmlns:app="http://v8.1c.ru/8.2/managed-application/core" xmlns:cfg="http://v8.1c.ru/8.1/data/enterprise/current-config" xmlns:cmi="http://v8.1c.ru/8.2/managed-application/cmi" xmlns:ent="http://v8.1c.ru/8.1/data/enterprise" xmlns:lf="http://v8.1c.ru/8.2/managed-application/logform" xmlns:style="http://v8.1c.ru/8.1/data/ui/style" xmlns:sys="http://v8.1c.ru/8.1/data/ui/fonts/system" xmlns:v8="http://v8.1c.ru/8.1/data/core" xmlns:v8ui="http://v8.1c.ru/8.1/data/ui" xmlns:web="http://v8.1c.ru/8.1/data/ui/colors/web" xmlns:win="http://v8.1c.ru/8.1/data/ui/colors/windows" xmlns:xen="http://v8.1c.ru/8.3/xcf/enums" xmlns:xpr="http://v8.1c.ru/8.3/xcf/predef" xmlns:xr="http://v8.1c.ru/8.3/xcf/readable" xmlns:xs="http://www.w3.org/2001/XMLSchema" xmlns:xsi="http://www.w3.org/2001/XMLSchema-instance" version="2.19">
	<Subsystem uuid="e7279d41-ebe5-426d-968b-88330c91e2ee">
		<Properties>
			<Name>Система_автостанция</Name>
			<Synonym>
				<v8:item>
					<v8:lang>ru</v8:lang>
					<v8:content>Система автостанция</v8:content>
				</v8:item>
			</Synonym>
			<Comment/>
			<IncludeHelpInContents>true</IncludeHelpInContents>
			<IncludeInCommandInterface>true</IncludeInCommandInterface>
			<UseOneCommand>false</UseOneCommand>
			<Explanation/>
			<Picture/>
			<Content>
				<xr:Item xsi:type="xr:MDObjectRef">Catalog.Услуги</xr:Item>
				<xr:Item xsi:type="xr:MDObjectRef">Document.Проездной</xr:Item>
				<xr:Item xsi:type="xr:MDObjectRef">InformationRegister.Билеты</xr:Item>
				<xr:Item xsi:type="xr:MDObjectRef">Document.Льготный_проездной</xr:Item>
				<xr:Item xsi:type="xr:MDObjectRef">Report.Проездные</xr:Item>
				<xr:Item xsi:type="xr:MDObjectRef">InformationRegister.Маршруты</xr:Item>
				<xr:Item xsi:type="xr:MDObjectRef">Enum.Да_Нет</xr:Item>
				<xr:Item xsi:type="xr:MDObjectRef">Catalog.Клиенты</xr:Item>
				<xr:Item xsi:type="xr:MDObjectRef">Enum.Причина</xr:Item>
				<xr:Item xsi:type="xr:MDObjectRef">Enum.Модели_авто</xr:Item>
				<xr:Item xsi:type="xr:MDObjectRef">Enum.Парковка</xr:Item>
				<xr:Item xsi:type="xr:MDObjectRef">DataProcessor.Обработка1</xr:Item>
				<xr:Item xsi:type="xr:MDObjectRef">Report.Автобусы</xr:Item>
				<xr:Item xsi:type="xr:MDObjectRef">Catalog.Расписание</xr:Item>
				<xr:Item xsi:type="xr:MDObjectRef">Catalog.Автобусы</xr:Item>
				<xr:Item xsi:type="xr:MDObjectRef">Catalog.Мастерские</xr:Item>
				<xr:Item xsi:type="xr:MDObjectRef">Catalog.Парковки</xr:Item>
				<xr:Item xsi:type="xr:MDObjectRef">Catalog.Участки</xr:Item>
				<xr:Item xsi:type="xr:MDObjectRef">Catalog.Страховка</xr:Item>
				<xr:Item xsi:type="xr:MDObjectRef">Catalog.Водители</xr:Item>
				<xr:Item xsi:type="xr:MDObjectRef">Catalog.Коднукторы</xr:Item>
				<xr:Item xsi:type="xr:MDObjectRef">Catalog.Затраты_на_заправку</xr:Item>
				<xr:Item xsi:type="xr:MDObjectRef">Report.Кондуктора_Водители</xr:Item>
				<xr:Item xsi:type="xr:MDObjectRef">InformationRegister.Ремонт</xr:Item>
			</Content>
		</Properties>
		<ChildObjects/>
	</Subsystem>
</MetaDataObject>