﻿<?xml version="1.0" encoding="UTF-8"?>
<MetaDataObject xmlns="http://v8.1c.ru/8.3/MDClasses" xmlns:app="http://v8.1c.ru/8.2/managed-application/core" xmlns:cfg="http://v8.1c.ru/8.1/data/enterprise/current-config" xmlns:cmi="http://v8.1c.ru/8.2/managed-application/cmi" xmlns:ent="http://v8.1c.ru/8.1/data/enterprise" xmlns:lf="http://v8.1c.ru/8.2/managed-application/logform" xmlns:style="http://v8.1c.ru/8.1/data/ui/style" xmlns:sys="http://v8.1c.ru/8.1/data/ui/fonts/system" xmlns:v8="http://v8.1c.ru/8.1/data/core" xmlns:v8ui="http://v8.1c.ru/8.1/data/ui" xmlns:web="http://v8.1c.ru/8.1/data/ui/colors/web" xmlns:win="http://v8.1c.ru/8.1/data/ui/colors/windows" xmlns:xen="http://v8.1c.ru/8.3/xcf/enums" xmlns:xpr="http://v8.1c.ru/8.3/xcf/predef" xmlns:xr="http://v8.1c.ru/8.3/xcf/readable" xmlns:xs="http://www.w3.org/2001/XMLSchema" xmlns:xsi="http://www.w3.org/2001/XMLSchema-instance" version="2.19">
	<Catalog uuid="b1e9b703-1e1b-4c59-a762-b96abc7fc3d0">
		<InternalInfo>
			<xr:GeneratedType name="CatalogObject.Участки" category="Object">
				<xr:TypeId>4e86b185-bbe3-49fb-8c82-d022cf77eead</xr:TypeId>
				<xr:ValueId>f9110562-1189-4387-85d6-f73285a8caf2</xr:ValueId>
			</xr:GeneratedType>
			<xr:GeneratedType name="CatalogRef.Участки" category="Ref">
				<xr:TypeId>7963b3f8-68ee-414a-bd0e-c9eb6e89b744</xr:TypeId>
				<xr:ValueId>93457094-c4eb-4aed-85b3-c5b5104bfe15</xr:ValueId>
			</xr:GeneratedType>
			<xr:GeneratedType name="CatalogSelection.Участки" category="Selection">
				<xr:TypeId>a1022506-647e-405a-aeda-632d4c755a24</xr:TypeId>
				<xr:ValueId>04349ac7-e654-450e-9ac0-73cf03a565dc</xr:ValueId>
			</xr:GeneratedType>
			<xr:GeneratedType name="CatalogList.Участки" category="List">
				<xr:TypeId>85eb8d3b-fb95-47ec-a428-be8f39a694ca</xr:TypeId>
				<xr:ValueId>04329bee-3b4f-48f9-9908-96cfe0b63d1d</xr:ValueId>
			</xr:GeneratedType>
			<xr:GeneratedType name="CatalogManager.Участки" category="Manager">
				<xr:TypeId>684486af-3c95-45a7-a37e-84fd4866c086</xr:TypeId>
				<xr:ValueId>3f60c182-1510-4cab-9c8b-1998001188ae</xr:ValueId>
			</xr:GeneratedType>
		</InternalInfo>
		<Properties>
			<Name>Участки</Name>
			<Synonym>
				<v8:item>
					<v8:lang>ru</v8:lang>
					<v8:content>Участки</v8:content>
				</v8:item>
			</Synonym>
			<Comment/>
			<Hierarchical>false</Hierarchical>
			<HierarchyType>HierarchyFoldersAndItems</HierarchyType>
			<LimitLevelCount>false</LimitLevelCount>
			<LevelCount>2</LevelCount>
			<FoldersOnTop>true</FoldersOnTop>
			<UseStandardCommands>true</UseStandardCommands>
			<Owners/>
			<SubordinationUse>ToItems</SubordinationUse>
			<CodeLength>9</CodeLength>
			<DescriptionLength>25</DescriptionLength>
			<CodeType>String</CodeType>
			<CodeAllowedLength>Variable</CodeAllowedLength>
			<CodeSeries>WholeCatalog</CodeSeries>
			<CheckUnique>true</CheckUnique>
			<Autonumbering>true</Autonumbering>
			<DefaultPresentation>AsDescription</DefaultPresentation>
			<Characteristics/>
			<PredefinedDataUpdate>Auto</PredefinedDataUpdate>
			<EditType>InDialog</EditType>
			<QuickChoice>false</QuickChoice>
			<ChoiceMode>BothWays</ChoiceMode>
			<InputByString>
				<xr:Field>Catalog.Участки.StandardAttribute.Description</xr:Field>
				<xr:Field>Catalog.Участки.StandardAttribute.Code</xr:Field>
			</InputByString>
			<SearchStringModeOnInputByString>Begin</SearchStringModeOnInputByString>
			<FullTextSearchOnInputByString>DontUse</FullTextSearchOnInputByString>
			<ChoiceDataGetModeOnInputByString>Directly</ChoiceDataGetModeOnInputByString>
			<DefaultObjectForm/>
			<DefaultFolderForm/>
			<DefaultListForm/>
			<DefaultChoiceForm/>
			<DefaultFolderChoiceForm/>
			<AuxiliaryObjectForm/>
			<AuxiliaryFolderForm/>
			<AuxiliaryListForm/>
			<AuxiliaryChoiceForm/>
			<AuxiliaryFolderChoiceForm/>
			<IncludeHelpInContents>false</IncludeHelpInContents>
			<BasedOn/>
			<DataLockFields/>
			<DataLockControlMode>Managed</DataLockControlMode>
			<FullTextSearch>Use</FullTextSearch>
			<ObjectPresentation/>
			<ExtendedObjectPresentation/>
			<ListPresentation/>
			<ExtendedListPresentation/>
			<Explanation/>
			<CreateOnInput>Use</CreateOnInput>
			<ChoiceHistoryOnInput>Auto</ChoiceHistoryOnInput>
			<DataHistory>DontUse</DataHistory>
			<UpdateDataHistoryImmediatelyAfterWrite>false</UpdateDataHistoryImmediatelyAfterWrite>
			<ExecuteAfterWriteDataHistoryVersionProcessing>false</ExecuteAfterWriteDataHistoryVersionProcessing>
		</Properties>
		<ChildObjects>
			<Attribute uuid="39d6ce50-4450-4f3d-9dd3-0c63d7d7183c">
				<Properties>
					<Name>Адресс</Name>
					<Synonym>
						<v8:item>
							<v8:lang>ru</v8:lang>
							<v8:content>Адресс</v8:content>
						</v8:item>
					</Synonym>
					<Comment/>
					<Type>
						<v8:Type>xs:string</v8:Type>
						<v8:StringQualifiers>
							<v8:Length>10</v8:Length>
							<v8:AllowedLength>Variable</v8:AllowedLength>
						</v8:StringQualifiers>
					</Type>
					<PasswordMode>false</PasswordMode>
					<Format/>
					<EditFormat/>
					<ToolTip/>
					<MarkNegatives>false</MarkNegatives>
					<Mask/>
					<MultiLine>false</MultiLine>
					<ExtendedEdit>false</ExtendedEdit>
					<MinValue xsi:nil="true"/>
					<MaxValue xsi:nil="true"/>
					<FillFromFillingValue>false</FillFromFillingValue>
					<FillValue xsi:type="xs:string"/>
					<FillChecking>DontCheck</FillChecking>
					<ChoiceFoldersAndItems>Items</ChoiceFoldersAndItems>
					<ChoiceParameterLinks/>
					<ChoiceParameters/>
					<QuickChoice>Auto</QuickChoice>
					<CreateOnInput>Auto</CreateOnInput>
					<ChoiceForm/>
					<LinkByType/>
					<ChoiceHistoryOnInput>Auto</ChoiceHistoryOnInput>
					<Use>ForItem</Use>
					<Indexing>DontIndex</Indexing>
					<FullTextSearch>Use</FullTextSearch>
					<DataHistory>Use</DataHistory>
				</Properties>
			</Attribute>
		</ChildObjects>
	</Catalog>
</MetaDataObject>