﻿<?xml version="1.0" encoding="UTF-8"?>
<Rights xmlns="http://v8.1c.ru/8.2/roles" xmlns:xs="http://www.w3.org/2001/XMLSchema" xmlns:xsi="http://www.w3.org/2001/XMLSchema-instance" xsi:type="Rights" version="2.19">
	<setForNewObjects>false</setForNewObjects>
	<setForAttributesByDefault>true</setForAttributesByDefault>
	<independentRightsOfChildObjects>false</independentRightsOfChildObjects>
	<object>
		<name>Report.Проездные</name>
		<right>
			<name>Use</name>
			<value>true</value>
		</right>
		<right>
			<name>View</name>
			<value>true</value>
		</right>
	</object>
	<object>
		<name>Report.Автобусы</name>
		<right>
			<name>Use</name>
			<value>true</value>
		</right>
		<right>
			<name>View</name>
			<value>true</value>
		</right>
	</object>
	<object>
		<name>Configuration.Конфигурация</name>
		<right>
			<name>Administration</name>
			<value>true</value>
		</right>
		<right>
			<name>DataAdministration</name>
			<value>true</value>
		</right>
		<right>
			<name>UpdateDataBaseConfiguration</name>
			<value>true</value>
		</right>
		<right>
			<name>ExclusiveMode</name>
			<value>true</value>
		</right>
		<right>
			<name>ActiveUsers</name>
			<value>true</value>
		</right>
		<right>
			<name>EventLog</name>
			<value>true</value>
		</right>
		<right>
			<name>ThinClient</name>
			<value>true</value>
		</right>
		<right>
			<name>WebClient</name>
			<value>true</value>
		</right>
		<right>
			<name>MobileClient</name>
			<value>true</value>
		</right>
		<right>
			<name>ThickClient</name>
			<value>true</value>
		</right>
		<right>
			<name>ExternalConnection</name>
			<value>true</value>
		</right>
		<right>
			<name>Automation</name>
			<value>true</value>
		</right>
		<right>
			<name>TechnicalSpecialistMode</name>
			<value>true</value>
		</right>
		<right>
			<name>CollaborationSystemInfoBaseRegistration</name>
			<value>true</value>
		</right>
		<right>
			<name>MainWindowModeNormal</name>
			<value>true</value>
		</right>
		<right>
			<name>MainWindowModeWorkplace</name>
			<value>true</value>
		</right>
		<right>
			<name>MainWindowModeEmbeddedWorkplace</name>
			<value>true</value>
		</right>
		<right>
			<name>MainWindowModeFullscreenWorkplace</name>
			<value>true</value>
		</right>
		<right>
			<name>MainWindowModeKiosk</name>
			<value>true</value>
		</right>
		<right>
			<name>AnalyticsSystemClient</name>
			<value>true</value>
		</right>
		<right>
			<name>ExclusiveModeTerminationAtSessionStart</name>
			<value>true</value>
		</right>
		<right>
			<name>SaveUserData</name>
			<value>true</value>
		</right>
		<right>
			<name>ConfigurationExtensionsAdministration</name>
			<value>true</value>
		</right>
		<right>
			<name>InteractiveOpenExtDataProcessors</name>
			<value>true</value>
		</right>
		<right>
			<name>InteractiveOpenExtReports</name>
			<value>true</value>
		</right>
		<right>
			<name>Output</name>
			<value>true</value>
		</right>
	</object>
</Rights>